"","X.Intercept.","abv","no3","ptisn","threeway"
"2.5%",-1.21242024839222,2.78380341278737,2.15738469098241,5.3200186740933,NA
"50%",9.3846299667853,3.24117631254889,5.17286112780983,8.8929969584472,NA
"97.5%",55.4380648894934,3.96768424430368,19.3715225846358,29.560615561214,NA
"pvalue",0.04245,0,0.0065,0.0064,0.00649999999999995
