"","X.Intercept.","abv","no3","ptisn","threeway"
"2.5%",-1.36542592601275,2.78578751793916,2.21230718236698,5.39977634406616,NA
"50%",9.48203806405901,3.23815971278018,5.17818176641818,8.84103622664886,NA
"97.5%",53.9205737697247,3.92603548656195,19.967661421167,29.600116997781,NA
"pvalue",0.047,0,0.003,0.003,0.003
